fountain;astounding;nasty
dagger;chatter;vessel
deal;conceal;woolens
wisdom;aphorism;marshland
skiing;overseeing;cling
maker;peacemaker;hobbit
forget;outset;colonial
cruel;metrosexual;ounce
roar;ear;distributor
dig;trig;signet
role;extol;sense
salesman;layman;quizzical
bottom;notum;sheep
travel;rabble;lamentable
girlfriend;revenge;receiver
mere;sear;restructuring
gravel;babble;nutrient
storm;truck farm;registry
imagination;loquacious;grasshopper
behavior;aver;second
mistake;stake;pound
click;yardstick;sum
child;riled;curiosity
camp;incandescent lamp;maddening
drummer;strummer;cheat
screen;jean;dive
bathe;nathe;tree
caravan;clergyman;punch
witness;stillness;aside
leaver;teaser;curio
chest;nest;dilution
bud;bad blood;gain
build;refilled;lot
circle;referral;finicky
threatening;enveloping;warren
ear;car;comment
zone;milestone;puffy
king;chicken wing;explanation
estate;mate;twilight
chop;plumb bob;necktie
page;backstage;term
skyline;insight;biplane
bond;mitterand;tambour
future;rooster;entertainment
tattoo;mattoon;fuzzy
size;surprise;ophthalmologist
constitution;crucian;miscarriage
underneath;mountain heath;estrogen
admit;emits;song
sparrow;cello;placebo
tip;brinkmanship;unemployment
passing;gnashing;sari
neighborhood;childhood;happening
television;excision;throne
flight;mite;musculature
cherry;story;union
clothes;cloves;synonym
disillusioned;deluded;behave
suede;fusillade;border
invite;trite;lamp
root;chute;officiate
forehead;distorted;bulb
health;british commonwealth;ethics
goodness;woodless;drink
music;musing;tool
caution;faucet;romaine
intend;comprehend;rhetoric
century;complimentary;close
embarrassed;senate;legislation
guy;cry;synergy
caution;precaution;end
bad;volgograd;antelope
gray;stay;output
guilty;lilly;bury
equality;priority;gnat
sunday;holidays;supplement
movie;doozy;first
scheme;agleam;agree
happy;flashy;main
humor;scooter;chateau
calm;intercom;blackbird
clap;skycap;incense
burn;rope yarn;earplug
spin;gin;embellishment
green;contravene;capitalism
flag;schlag;spell
anyone;become;secretive
couch;bouch;biopsy
shape;slape;equinox
wool;to the full;squeegee
sadness;agnus;simplify
childlike;alike;lapdog
brownie;runny;processing
hurricane;arcane;velvet
strive;disk drive;sensitive
happening;tackling;nose
conclusion;nuclear fusion;nightgown
interrupt;dript;spare
reality;he;enchanting
dust;puffed;control
maintenance;satanist;nervous
game;sejm;rightful
belfry;belly;mincemeat
justify;sublime;popsicle
belt;helt;fibre
chill;windmill;tuber
solution;lilliputian;mecca
whisper;tipper;sarong
trumpet;covet;grip
steam;hakim;comportment
vanish;advantage;registry
final;michael;youthful
hate;great;siding
log;analogue;volatile
slipper;river;bucket
ginger;winger;aftermath
offense;pretend;vein
excellent;eloquent;finer
soul;cole;capability
bait;mitigate;stitch
bored;onboard;cowbell
journey;hurney;pinkie
need;indeed;elderberry
glee;hyperbole;baseball
ship;ad-lib;nucleotide
calico;alpenglow;driving
suede;aid;organisation
tea;nee;retina
tough;hot stuff;heart-throb
humor;consumer;timpani
picture;picker;wholesaler
haze;phase;roar
bow;pao;detective
presence;weapon;buze
gateway;ray;seizure
bottle;botel;creme brulee
jerk;mark;see
men;tien;capricious
bass;trespass;cheque
magic;matic;sandwich
gaudy;doggie;wave
try;rely;reason
car;marr;sociology
baker;gaiter;siding
weakness;fleetness;partnership
poke;folk;racist
contribution;redistribution;erratic
led;said;discrepancy
sewer;newer;series
movement;approving;luxuriant
pants;morris dance;resource
take;opaque;violet
anywhere;wear;stock
glow;row;adamant
shape;netscape;chicory
till;tamil;cough
powder;clam chowder;depend
shot;yacht;raisin
meantime;resign;moat
flow;forgo;dirt
stream;pipe dream;applewood
switching;mission;realign
bout;work out;watch
beck;reck;vast
upper;hummer;ironclad
delay;embrace;raincoat
lantern;ganter;remove
trip;ip;necklace
creature;keeper;dive
desert;tremor;inhabitant
park;marc;procedure
long;kong;edition
devil;menace;misogyny
billboard;gored;gripper
ghost;lamppost;productive
cabin;fasten;tobacco
trench;box end wrench;device
trove;primus stove;dirndl
lunch;credit crunch;citizenship
dance;lafrance;blowhole
overload;showed;animal
temptation;alliteration;album
mortal;oral;mezzanine
way;prey;astrologer
pour;ear;casement
price;wice;cargo
jealousy;elemi;consumption
pinch;purple finch;acupuncture
peck;rain check;illegal
cane;strain;radio
bubble;snuggle;march
goodness;goodless;muskrat
pipeline;supine;freckle
find;realigned;weak
arrow;scarecrow;vector
fall;befall;heartache
carnation;invasion;apse
scary;barely;interviewer
freeze;sease;spyglass
microphone;tone;centre
impression;reflection;currant
sit;tidbit;appliance
let;internet;bunch
appear;veneer;pocket
atmosphere;souvenir;block
maybe;matey;tapioca
fireman;siren;halting
adorable;likeable;houseboat
flame;basketball game;stonework
arrange;restrain;monitoring
honor;caller;caboose
difference;sufferance;generator
sense;intense;snowmobiling
cue;view;dud
prepare;lair;playground
hope;occipital lobe;shirtdress
power;powter;install
quality;theology;wise
highway;sideways;stingy
lantern;antler;shin
mining;rising;wealthy
branch;blanch;progenitor
mentor;engender;macrame
wine;confine;worth
conclusion;susan;odyssey
whisper;lisper;cross-stitch
pressure;ancestor;backyard
motionless;hopelessness;lift
jaded;humiliated;ziggurat
stop;mob;disconnection
barbeque;marmaduke;description
boy;cowboy;ferryboat
sweet;suite;father
boy;cloy;residue
will;distill;someplace
wheel;congeal;lace
spend;yearend;laughable
score;entrepreneur;breadfruit
style;aisle;offend
tune;impugn;gherkin
void;toyed;helicopter
shot;ought;zonked
dull;puhl;gelatin
bury;very;bedroom
gown;bring down;odd
way;may;ladder
belly;yellow;archer
sheep;upkeep;down
other;under;racer
cocktail;rail;escalator
eyelid;underbid;affidavit
moon;lagoon;sermon
drummer;somer;terrorism
cupboard;smothered;breadfruit
poet;lowest;slang
remain;contained;temper
pride;bona fide;grate
devil;methyl;pillar
aid;parade;advertising
skiing;come into being;mouth
rough;duff;floozie
receiver;seaver;koala
sort;forte;gather
private;rises;nymph
aback;ransack;uncertainty
football;fall;top
perceive;shrieve;barge
arrange;backstage;beck
aunt;flaunt;sunset
geometry;etymology;nurture
wrestle;dumpy level;hunt
daily;aly;apathetic
planning;vanning;expedite
duckling;heckling;cone
zero;sorrow;hay
board;absurd;reading
standing;panning;delay
hit;mitt;copy
limb;hymn;miniature
payment;displacement;polliwog
recovery;mulberry;spelling
choice;in a low voice;exposition
magical;intangible;decorous
perfect;request;vengeance
sunrise;twilight;obi
thread;ahead;knee
tide;broadside;hackwork
essence;quintessence;abusive
fellow;pirandello;woolens
happiness;choppiness;waterwheel
dramatic;socratic;wealthy
left;depressed;scotch
camel;hamil;cockroach
porch;verge;babushka
challenge;tallon;mob
rubber;slugger;dust
button;witen;medium
pass;ass;round
window;winder;yard
yard;discard;notion
fruit;brut;shoulder
poet;loaded;demur
release;gees;inquisitive
trade;glade;glue
satin;new latin;proud
jeep;beep;gear
local;woeful;marimba
amuck;woodchuck;mouth
overhead;egghead;drapes
brass;fass;mislead
agree;free;mark
exception;resurrection;vogue
friend;condescend;mask
brink;mixed drink;motel
anybody;enviously;hazelnut
cord;reward;flume
styling;chi lung;stalk
spotlight;website;kumquat
cynical;physical;total
manager;calibre;lopsided
paste;outpaced;walnut
powerful;powerfully;simplicity
chain;stain;hunt
sermon;fermin;find
trove;cooking stove;cone
rain;bane;diligent
chapter;aster;guest
designer;hardliner;hype
book;zook;alarm
sympathy;creativity;vitality
worried;carried;lumber
pier;score;hippodrome
mini;jinni;formula
feel;oatmeal;shrug
con;upon;eyrie
ignorance;bickering;bijou
green;jean;ethnicity
radar;hectare;monsoon
whole;pole;independent
mile;tactile;canteen
music;using;street
phrase;swayze;crawdad
arch;large;dibble
daughter;slaughter;justification
settle;peddle;opinion
spot;ascot;succotash
small;catcall;forgery
demonstrate;state;auditorium
bout;pout;shoelace
grenade;souffle;flare
blink;zinke;hammer
passport;consort;thumb
internet;dialect;paperwork
typewriter;eyeliner;tensor
hunger;blinker;linen
figure;thicker;balloonist
cast;chast;odyssey
dive;beehive;lot
need;meade;lab
cookie;suki;dangerous
rich;twitch;biology
color;guller;blow
checking;bedding;waste
clap;ascap;weight
achieve;achieved;cicada
miss;grits;baggage
pack;cognac;rifle
standing;ranking;court
problem;pollen;ecclesia
sell;clientele;addicted
hike;like;rectangle
flash;slash;strap
popsicle;nautical;mast
latte;prey;cradle
lack;plaque;encouragement
divine;spine;attend
screen;irene;verdict
band;firsthand;graduate
disguise;genocide;reality
brother;buffer;discharge
land;bland;filing
chime;chyme;dory
front;drag a bunt;assorted
disillusioned;loosened;hurdler
salt;gravity fault;knot
partner;farther;wheel
compete;mustard seed;rehabilitate
thunderbolt;bank vault;shareholder
prepare;sure;qualify
date;articulate;petitioner
sow;landau;hood
point;endpoint;overclocking
couch;bouche;objective
spend;end;codon
launch;relaunch;subcomponent
ice;bites;yogurt
sewer;ruler;vendor
indication;station;music-making
main;pertain;crinoline
carry;cherry;sneaker
highway;cocaine;grammar
whispering;filtering;beastie
reveal;teal;idiom
direction;discretion;pocket
engineer;emir;shoe-horn
beaver;cheever;regulation
pile;bile;evaluation
shout;flout;arrest
war;floor;express
estate;erase;bill
compliment;predominant;calendar
reign;maintain;incidence
advocate;vacillate;woolens
cd;seaweed;typeface
wish;fish;capacity
way;decay;scarecrow
nerve;shooting preserve;carol
sharp;blurb;consulate
dynamite;hindsight;significance
friendship;sonship;guiltless
thankful;mangled;hatbox
spin;skin;beggar
tide;satisfied;blow
coin;soigne;trafficker
insurance;durant;strawman
nation;trepidation;distance
hood;hardwood;heater
powerful;tower fill;cheese
youth;bleeding tooth;cyclamen
dry;die;drag
bet;gazette;working
yoke;koch;gap
seat;beat;genetics
bayou;io;mere
band;broadband;hippopotamus
god;strawed;rule
anything;ching;bookmark
marriage;carriage;discrepancy
death;beth;stove
dragon;flagon;hotdog
constitution;dissolution;tragedy
ballpark;mark;bar
nail;sale;guard
rack;back;train
latte;create;border
heartbeat;release;strategy
scale;hale;heat
code;toed;examine
wish;quish;death
mall;bawl;rowboat
baby;wavy;clogs
talking;unlocking;neck
hire;fare;care
attack;pac;author
receiver;creeper;shiny
reign;plain;kennel
shop;plumb bob;trek
wheel;piecemeal;punctuation
depth;breadth;gymnastics
shed;ed;needle
piano;montana;skill
promise;phonics;fairy
silver;familiar;raft
gravity;strategy;afford
fashion;ashes;vogue
weekend;spend;flag
castle;glasses;quit
hero;miyashiro;digestion
trick;sidekick;procure
weak;teak;abject
mud;crud;pigpen
early;hurly burly;sorghum
witness;physical fitness;careful
powerful;powering;timpani
courtroom;livingroom;bulb
love;thereof;bewildered
surprise;delight;mattock
innocence;coincidence;passive
lesson;essence;contribution
jewelry;jewellers;arrival
train;disdain;characterization
couple;rumble;brake
introduce;refuse;rope
difference;inference;strive
grace;cates;herring
milk;buttermilk;abusive
proud;stratus cloud;sequel
hollow;renaldo;encounter
phrase;nowadays;idiotic
table;vagal;reactant
relationship;sincere;brunch
grab;punjab;gene
moon;typhoon;meme
desert;tremor;input
path;aftermath;kielbasa
glance;break dance;transition
horn;learn;adapter
mind;declined;paddle
ancient;entertainment;equable
bet;outset;widow
pocket;cosset;voting
rub;hunt club;crystal
build;gild;critic
camp;gamp;complain
run;won;latitude
dancing;demanding;playground
impression;reflection;boyhood
light;site;devil
photograph;smart ass;romance
silk;condensed milk;clarification
waitress;basis;bugle
splendor;sweater;dibble
peel;puerile;strawberry
cowboy;tomboy;gemsbok
polish;smallish;foolish
force;reverse;precision
wine;resign;basil
rest;fleshed;glee
language;vanquish;courageous
agree;believe;term
picture;sicker;heartbeat
choice;chest voice;saloon
tread;embed;flesh
spiritual;empirical;lament
forest;boris;declination
passing;acting;ruin
news;abuse;metro
band;homeland;enlist
head;ed;eyeball
dog;synagogue;behavior
narrow;cordero;dugout
gas;cats;normalization
highlight;website;biplane
flow;undergo;fibrosis
bother;brother;pocketbook
lord;untoward;clever
dinner;b f skinner;jackal
mill;landfill;shallot
toothbrush;tooth brush;scientific
collar;australian dollar;vitality
yesterday;celebrate;reliability
crystal;piston;tie
young;lobe of the lung;point
perfect;erect;usual
buck;ruck;carrot
choice;joyce;eggplant
idea;lila;advancement
thankful;handel;ear
safe;scaife;amused
safe;strafe;menopause
capable;occupational;democrat
shock;stock;toreador
baker;salt shaker;step-father
lunch;trunch;scenario
rod;tripod;ninja
rhyme;wintertime;dipstick
reveal;concede;gentle
splendor;gender;interior
possibility;consistency;vendor
marriage;sverige;maniacal
rely;hi;harass
want;gronte;dazzling
juice;cahoots;thrush
maybe;raby;detainment
freedom;needed;wicked
consistency;activity;hear
strait;plate;farmer
liquor;critter;paranoia
raft;kraft;salary
wide;outside;leather
down;jamestown;count
whiskey;liskey;fishnet
anybody;enviously;video
new;ado;biscuit
lock;hock;deathwatch
haze;stays;wont
calm;salaam;doughnut
gravel;dabble;bitten
cruel;pupil;phosphate
mine;concubine;deck
homework;work;melt
sticky;hickie;coffin
heavy;brevi;organisation
balloon;kangaroo;antigen
magic;logic;fugato
ancient;station;unemployment
sweet;fleet;playground
avenue;do;adulthood
spotlight;sight;diabetes
cave;quave;trim
drinking;unstinting;tatami
brown;clown;gripper
upstairs;nares;hackwork
silk;ilk;barrel
slip;flagship;panty
wife;life;tomorrow
method;lettuce;catch
head;inbred;paint
scent;event;chair
tape;snape;rabid
aunt;rant;thunderbolt
complete;suite;graft
code;coed;locate
whisper;clipper;sensitivity
jewelry;usery;soothe
kit;hit;software
lay;fey;sloppy
million;killing;ruthless
itch;blanket stitch;ocelot
fun;one;termination
outline;overtime;warrior
conversation;association;eyeglasses
eye;shy;criteria
detective;directed;handrail
sting;right wing;saw
retreat;achieve;debtor
photograph;sonogram;biscuit
dangerous;flavorous;jodhpurs
envy;envoy;blueberry
well;intel;millisecond
story;category;grill
quit;shit;span
cloth;gypsy moth;rhubarb
owl;red jungle fowl;measly
forehead;florid;mattock
wilderness;silliness;seat
hot;overwrought;driving
dock;catwalk;stinger
dancer;manser;polyester
radio;go;halt
carry;theory;thump
discover;uncover;cruise
skate;emanate;liability
nail;grail;small
tank;shrank;screen
strife;staff of life;awful
brand;broadband;verification
skinny;pretty;brisket
bowling;rohling;mobster
disease;hercules;safari
ruler;jeweler;sauerkraut
pimp;pistol shrimp;buffalo
jacket;cohabit;calico
doc;mohawk;journey
problem;fallen;recommendation
hum;humm;shrink
table;ladle;disposition
open;closing;guttural
oven;love in;decimal
hate;associate;cornmeal
behavior;neighbor;join
county;mounty;settle
fantastic;magic;pupil
police;sheets;dud
mini;tinny;ammunition
tie;hi;poignance
public;unclip;candelabra
alcohol;rapport;breakthrough
flat;diplomat;eligibility
skirt;dirt;president
glove;calf love;stalk
shelter;smelter;catalyst
drive;stive;construction
consistency;exigency;flaky
hearing;seeking;collar
satellite;skyline;contour
wagon;aladdin;sensitivity
hunger;monger;direction
ink;sea pink;executor
hotel;access;checkbook
clock;doc;taste
clock;shock;sheath
labor;baby;pear
dancer;chanter;awful
upset;depressed;overrated
latte;pancake;vibe
human;zoom in;imaginary
couch;cheek pouch;bookcase
salad;pallid;petal
cupboard;utter;daffodil
tandem;tantrum;grid
problem;bobbin;didactic
air;declare;cucumber
ladder;urinary bladder;veneer
alight;website;elderberry
perfect;swept;tawdry
dash;trash;gigantic
prepare;more;feng
watch;rotche;legend
noise;cowboys;scripture
pony;unique;temperature
run;anyone;sweltering
brown;downtown;locket
everyone;one by one;shoulder
straight;resonate;nexus
ship;nib;carpenter
rub;go up;triumph
goodnight;delight;wrecker
piece;sublease;locker
stab;gab;gladiolus
setting;heaven;grape
push;guava bush;termite
therapist;imperative;horst
ghost;dosed;sloppy
close;boats;cicada
try;indemnify;tactics
trial;primal;net
enemy;hegemony;footrest
politics;slicks;come
pan;batman;ellipse
meantime;tonight;reference
spring;ing;symbolize
lean;demean;label
homework;footwork;accessible
drunk;feed bunk;weary
coin;pork tenderloin;dynamic
exchange;lagrange;native
eleventh;presence;steel
hate;obviate;tale
television;excision;naming
nightlife;butcher knife;loafer
corner;reformer;exaggeration
raincoat;capote;scholarship
count;bank discount;safety
introduce;profuse;sheath
worth;northeast by north;representation
raise;always;capability
sight;fortnight;wampum
toad;strode;grin
stop;bob;offend
vice;mites;zany
claim;tame;floozie
blow;aglow;panicky
slow;flow;impress
olive;chocolate;chub
sin;begin;employ
bind;find;redundant
consistency;deficiency;channel
handful;shetland wool;silly
bullet;gullet;workable
keep;oversleep;promote
company;functionally;depression
person;apportion;avenue
dinner;sister;conversion
keep;lepe;actor
fine;streamline;skyline
wont;bonet;switchboard
spread;lead;codon
fiddle;nickel;repulsive
love;dove;chest
grace;mates;uptight
park;demark;ironclad
upstairs;solitaire;trait
whistle;tickle;segment
joke;townsfolk;breakdown
invincible;traditional;dusty
titanium;cranium;incidence
ball;sol;pin
guy;fry;doll
goat;overcoat;belligerency
source;in due course;longboat
rely;suicide;omelet
steak;caique;shoreline
slap;bab;pay
comfort;creature comforts;toga
bubble;tumble;roller
toy;illinois;want
leader;procedure;distinct
kid;counterbid;hazel
obsession;inception;human
bathroom;livingroom;freon
warn;inborn;excellence
eat;defeat;overexertion
undress;depress;cargo
cup;grownup;assemble
original;imbecile;entrepreneur
excited;righted;trench
ale;travail;bookcase
move;prove;parcel
waist;graced;ratty
queen;green;lap
nothing;nithing;shoehorn
tooth;untruth;tintype
life;garden loosestrife;rhetorical
wise;demise;quicksand
concern;carriage return;temp
corruption;upton;pumped
pinch;hinch;father-in-law
eager;beaker;notion
television;fission;poignance
wet;set;fetch
day;stray;tunnel
way;gainsay;vineyard
worried;wordy;pod
pitch;flying bridge;caboose
nature;natured;glamorous
letter;lesser;freighter
alarm;charme;accidental
styling;stifling;accent
sand;hanged;code
wagon;sagging;colleague
ugly;buddy;boost
fun;one;garter
jazz;avtovaz;jogging
curry;herre;denominator
freak;meek;clarinet
fix;slips;git
special;medal;sari
smith;hockensmith;copy
girlfriend;offend;burning
cord;dashboard;critic
gown;facedown;afoul
jot;thought;epee
wooden;goulden;revise
scent;dent;horror
salad;palace;refrigerator
chair;flair;guiltless
honey;easter bunny;handgun
tread;bred;helmet
fashion;imagine;thaw
birthday;dismay;prison
dollar;hauler;locomotive
embryo;indigo;extreme
smash;nash;secretariat
pack;aback;silkworm
smooth;phone booth;half
miss;twiss;glory
swimming;dripping;washcloth
piece;aris;low
blackness;matress;pursuit
perspective;spectrum;network
style;aisle;poet
kneel;immobile;police
thirsty;attorney;molecule
contention;third dimension;hospice
read;mislead;burglar
salad;solid;checkroom
perspective;suggestive;ethyl
thank;planck;archives
rooster;sooner;taxi
television;intuition;inside
point;lap joint;bicycle
nation;patients;atelier
square;bear;click
parking;sporting;curiosity
digging;gripping;humor
digging;dipping;finer
fairy;harry;determination
kite;bite;subsequent
struggle;fumble;glorious
telling;watermelon;licence
plate;vacillate;nostalgic
open;slogan;depression
businessman;ann;snore
evidence;benevolence;finisher
drawing;thawing;deputy
hype;archetype;disprove
board;lard;depressed
design;shine;shrink
credit;threaded;realign
bell;swell;vogue
feather;wether;introduction
thousand;slauson;downstairs
reaction;ashes;swing
polish;collish;oil
user;cuter;strategy
sunshine;moonshine;nightmare
finger;cinder;strategy
calf;scaff;spectacles
silver;killer;curved
world;netherworld;miss
justify;rationalize;hardhat
clam;kilogram;parenthesis
question;oppression;marble
monster;daughter;exhibition
radio;ratio;star
harmony;cordially;need
freak;creak;ischemia
art;eye chart;warrant
kneel;heal;accomplish
storm;rainstorm;mixture
bolt;revolt;sphere
happy;tabby;accessible
manager;barrister;fingerling
murder;reporter;ornament
bark;oligarch;mozzarella
haze;nowadays;llama
lack;paque;emu
wreck;nec;lazy
fade;fusillade;oncology
architect;spect;hazelnut
cup;sup;angora
roommate;delineate;formicarium
grief;kief;schoolhouse
drown;run-down;prune
picture;elixir;finance
satellite;cyanide;voting
divine;reside;sundae
joint;drypoint;serum
write;finite;logo
sleeping;deepen;formula
pastoral;jack mackerel;summarize
ghost;diagnosed;convert
reform;term;dislike
dramatic;matted;worm
view;purview;guacamole
panic;east germanic;punish
kid;lid;rainmaker
cut;all but;peony
table;timetable;footprint
overload;unload;crack
wink;ice rink;chop
straight;mitigate;offer
happen;lapin;brooch
poet;donat;borrower
dangerous;endangerment;glamorous
dozen;plug in;vista
omega;vega;wicked
expression;confession;bathrobe
continent;opulent;experience
force;fierce;faculty
egg;gregg;elderly
hallway;insane;kit
freedom;seeded;sake
copper;walker;worm
owe;no;patriot
way;gray;frantic
spell;impel;bagpipe
scattered;master;forelimb
land;woodland;railing
offering;conglomerate;assumption
hard;required;tweezers
gym;grimm;witch-hunt
butter;butler;burrow
stare;door;steak
yarn;burn;connection
estate;consummate;analyze
still;thrill;dancer
mister;snifter;reproduce
messy;jessye;sorghum
justify;hi;gusty
runner;slugger;pulley
gateway;re;location
down;drawdown;rowing
claim;ballgame;excerpt
stormy;thermae;duplexer
magical;neoclassical;handlebar
barbeque;purview;pleat
board;abhorred;finish
poppy;kiribati;maniac
hire;incur;landing
figure;rigor;downfall
remark;snark;collapse
fur;fir;unable
mean;mien;comb
bathe;swathe;protective
fire;obscure;frog
stack;jack;purse
bill;overkill;loquat
charity;categorically;vision
notice;locust;brochure
pull;to the full;sprat
play;sway;pancake
roommate;elaborate;pneumonia
open;notice;tight
flag;shag;carnation
kept;wrapped;summary
warm;weapons platform;misnomer
shave;enclave;shell
belly;telly;exhibit
republic;notary public;lyrical
chalk;deadlock;laboratory
document;ornament;stamp
crust;trist;trade
desert;cart;reach
compare;bar;mute
bull;steel wool;woodland
condition;vision;sarong
worth;hearth;breed
feed;seaweed;clause
revival;dial;pier
tent;gent;ephemeris
hit;tit;thug
candy;candi;dame
nightlife;butter knife;referendum
stress;compress;untidy
blind;bind;girl
cd;tv;lashes
hardship;marshes;lemur
mouth;mclouth;ecclesia
itch;brooklyn bridge;recovery
combination;reaction;spiral
lifted;vivid;little
moor;hair;depend
remark;lark;courage
borrow;toro;tag
cd;hyperbole;inform
eyelash;slapdash;deployment
shopping;coffing;patentee
excited;hepatitis;decline
white;finite;washtub
comics;plate tectonics;maintain
nursery;artery;instrument
draw;na;participant
violin;begins;observant
closet;poket;workbench
choice;active voice;cattle
somewhere;where;survival
tape;crepe;lye
flower;towers;seemly
disagree;pea;admire
rabbit;fabric;paradise
ease;knees;wry
mile;compile;busy
writing;siding;roast
shore;gore;column
introduce;induce;change
upgrade;brigade;firm
dig;rusty rig;transplantation
blink;link;consequence
dealer;steeler;component
sweat;beset;alarm
deer;fear;committee
jazz;he has;skyscraper
reputation;relation;sailing
thanks;manx;revitalization
maid;accolade;steep
god;bawd;ape
plum;gum;photograph
wasting;dating;default
cheese;overseas;bosom
expense;incense;abandoned
mean;protein;underwear
squealing;appealing;strand
alley;stanley;deficit
pimp;blimp;morsel
cheat;sleet;platform
chew;sue;makeover
call;banal;girlfriend
thrust;just;copper
agree;disagrees;shade
handsome;ranson;nonbeliever
treat;neat;dearest
hard;required;affect
neighbor;dictator;waiver
eclipse;mix;hawk
coincidence;incidence;pencil
bass;replace;cheese
scrub;stubbe;appointment
engineer;peer;embarrassment
pneumonia;kidney begonia;planter
mini;pity;sunlamp
savage;ravaged;outrage
bump;long jump;spat
prey;holiday;guilt
hope;grope;scenario
conspiracy;prosperity;pain
win;lynn;crepe
daddy;maddy;nondescript
collision;short division;ultra
rabbit;carrots;shelter
trading;awaiting;laryngitis
mascara;chimera;passing
fuel;ridicule;frost
kill;sill;integral
reveal;feel;squalid
blink;interlink;system
left;stressed;erosion
damp;rampe;pinpoint
patent;talents;vertigo
fly;dye;survivor
cord;referred;doorway
skating;mitigating;semester
moon;croon;cheesecake
weakness;seedless;enclosure
sad;amistad;television
rat;kat;pompom
certainty;furtively;praised
bud;scud;visit
bar;dinar;carrot
pocket;rocket;communicate
expense;frankincense;cheat
cucumber;juniper;arena
architect;silhouette;dioxide
source;worse;watchmaker
radio;grow;measure
chase;grace;bayou
thunderbolt;perrault;chit-chat
goodbye;deny;heel
toad;anode;labour
rooster;cooper;peen
boulder;dolder;verve
hot;overwrought;convection
straw;voila;trap
money;bluntly;homosexual
collect;insect;blood
profit;sonnet;integration
boat;creosote;pink
justify;inside;booty
kiss;amiss;closure
pier;austere;millimeter
violence;violet;punch
piece;peace;desert
weary;dreary;crayon
palm;bombe;scold
means;menes;cadet
field;wheeled;target
crooked;wooded;fertile
lady;gravy;hearing
texture;leisure;kindness
rubber;under;windshield
rear;infer;documentation
banjo;throw;retreat
banjo;portfolio;surroundings
split;submit;hydrolysis
dial;archetypal;heartwood
weak;sleek;lemonade
turning;earnings;cross-stitch
cheek;geek;chapter
timer;desire;credential
turf;murff;babe
relationship;chip;bin
comb;hippodrome;silent
great;anticipate;nick
pot;onslaught;diagnosis
cruel;kool;mess
be;wee;composite
hang;overhang;humour
red;abed;espalier
airport;bort;landmine
vacuum;vacuumed;warn
pile;juvenile;brunch
cover;another;column
scrape;graip;cloudburst
maintenance;ancientness;critic
steady;preddy;shackle
center;sector;ocean
edge;allege;undertaker
powder;louder;pocket
architect;northwest;mislead
public;suffolk;pike
basics;essex;specialty
jar;core;attract
method;progression;tandem
remark;hash mark;candidacy
buy;verify;criteria
own;alone;woman
stand;sand;weight
spending;treading;null
damp;cramp;bacon
surprise;apprise;ritual
reality;surreal;pathway
dark;birk;comics
proud;war cloud;chasuble
spend;yearend;unfasten
use;caboose;heritage
spoil;fuel oil;wood
careful;disrespectful;cagey
machine;mezzanine;unaccountable
trail;sail;tuition
socks;fawkes;hospitable
share;store;review
step;webb;wren
poet;go it;bias
difference;carnivorous;bugle
compromise;capitalize;east
barrel;spiral;best-seller
anybody;enviously;amazement
evening;feeling;avalanche
drug;lace bug;dilapidation
sucker;gutter;patty
walk;mach;bait
lavish;fattish;astrolabe
bout;make out;swordfish
aunt;shant;raven
house;klaus;pillow
truck;snuck;sake
depend;condemned;patina
texture;dresser;giddy
intervention;detention;modernity
pony;crony;scenario
film;microfilm;helicopter
courage;current;itinerary
sycamore;before;gosling
clothes;pose;crane
cow;lough;shoreline
leaver;eater;talent
quartet;events;region
wagon;drag in;wet-bar
many;petty;gaming
tank;swank;foal
mark;lurk;velodrome
bet;beset;itch
rhythm;collision;triumph
dedication;corporation;vineyard
pimp;pistol shrimp;beast
pen;thegn;glockenspiel
rite;website;graph
say;overlay;compass
butter;batter;love
designer;rider;high-rise
heavy;berry;scent
estate;appreciate;vitality
writing;climbing;sponsor
yesterday;nowadays;birth
buck;pluck;pretzel
ice;guice;flume
butter;stonecutter;subsidy
toad;anode;scandalous
pile;worthwhile;herring
oven;unbutton;arch
evil;easel;tragedy
devilish;devils;helo
latter;master;scraper
court;torte;facsimile
melody;ecstasy;crucifixion
alley;mally;shot
naive;disbelieve;breastplate
bout;figure out;career
mariachi;versace;funeral
bean;hygiene;castle
cage;gmbh;refrigerator
dish;kettle of fish;architect
mirror;trigger;thrill
fail;shale;enter
balloon;noone;vest
baseball;windfall;meter
team;bloodstream;rise
turtle;encircle;forgive
wrap;knapp;graft
battle;rattle;loud
treat;mete;suitcase
socks;docks;average
weigh;inlay;buzzard
waiting;intoxicating;dispense
radar;memoir;iron
arrow;afro;plate
bacon;unshaken;hurricane
hill;mil;abrogation
bud;dud;smith
detail;fail;premium
wont;bonet;solicitor
spotless;corless;heavenly
meter;feeder;play
recognize;civilized;angle
tall;brawl;seaweed
work;clerk;wildebeest
tiger;fibre;booty
return;rehearse;counsel
bother;holy father;vegetarianism
terror;sarah;clergyman
peel;appeal;egghead
newsprint;mustang mint;ripe
brook;cookbook;edited
understood;knighthood;venue
groovy;chewy;death
shoulder;smoulder;psychoanalyst
wipe;water pipe;volcano
meadow;ghetto;bubble
control;troll;yard
liar;retire;ink
omega;eleven;winery
sand;hanged;exposure
bag;gag;subtitle
shop;opp;exterior
scary;any;geyser
summer;mummer;assorted
fellow;melo;dinosaur
ruler;coolers;paramecium
garden;morgan;load
anybody;enviously;cruelty
rip;trip;compulsion
perceive;preconceive;candy
dramatic;aristocratic;moonscape
retreat;mete;reliability
conclusion;nuclear fusion;patch
remains;trains;pause
know;indigo;kick-off
tailor;retailer;tamale
open;potent;brash
bullet;bullock;overdraw
mouth;louth;drinking
earth;leavenworth;protection
moor;bonjour;boundless
act;apt;divine
tender;allender;mapping
laugh;scaff;cleavage
plain;gain;search
shaker;crusader;county
thrill;until;countess
flat;slat;cilantro
sake;caique;kohlrabi
time;pantomime;tabernacle
girl;searl;jazzy
wake;fake;diving
lantern;lanter;billing
repeat;sweet;porthole
follow;mallo;eat
gutter;putter;ikebana
pimp;shrimp;jackfruit
roar;defer;reader
joke;poke;rose
hive;winchester drive;grandpa
zero;miro;tog
baby;amy;dearest
ginger;pincher;canon
kitchen;friction;fragile
slate;contemplate;wax
concept;concerts;condemned
wet;threat;kite
collapse;entrap;sentence
system;listed;lunch
level;nestle;obey
flight;alright;sanity
request;test;hollow
century;complimentary;jade
bitter;liter;attenuation
rose;interpose;granny
lipstick;sidekick;needle
test;chest;hunt
vanish;haggish;workable
crust;readjust;shoe-horn
page;macrophage;debonair
eleventh;eleven;negligee
remember;slender;polarisation
pimp;snapping shrimp;homeownership
service;fergus;casino
marry;contemporary;skyline
shoot;commute;dollop
fashion;magic;monastery
patent;patton;loose
adorable;metaphorical;apricot
policy;geography;politics
bow;plough;pear
might;fight;deeply
borrow;owe;collapse
rise;reprise;offend
duckling;stunning;empty
fuel;jewels;possess
rainbow;motorboat;quiver
muddled;muddles;calibre
think;sink;lady
naive;relief;heron
suck;stuck;cross-stitch
childhood;chinook;agency
left;wrest;suppose
nation;hasten;pause
remind;define;bottom
labor;creator;leaf
shampoo;reproduce;wolf
edge;etch;wealth
soy;doughboy;shorts
mirror;miller;tragedy
aluminum;methuselah;mean
exception;impression;volume
danger;stager;termination
afford;ford;bonnet
heaven;question;backyard
drip;kinship;forest
trip;ip;argue
platform;uniform;ginseng
balloon;lampoon;hen
escape;evade;tote
launch;haunch;structure
snake;break;crooked
fountain;routing;comradeship
chin;bin;clergyman
practice;christmas cactus;disaster
put;human foot;remind
coal;control;grub
satin;examine;replica
pair;war;yesterday
belfry;wellesley;invite
lip;leadership;settle
fish;wish;curry
pair;adhere;politics
lay;relay;stance
west;protest;rape
sidewalk;drywall;investigate
daily;scali;captain
situation;inspiration;tempo
shelter;setter;nutmeg
drag;nag;tie
amused;enthuse;stump
proof;french roof;festive
cash;moustache;halloween
jumbo;tambo;emerald
side;beside;maize
open;coping;center
thing;ning;sarong
vice;market price;chess
summer;slumber;pagan
judge;budge;watercress
prepare;dire;heavenly
baggage;banish;boring
careful;impartial;fleece
liar;wired;forever
offense;against;prophet
ale;detail;integration
camera;glamourous;catastrophe
steady;yeti;poet
restaurant;alot;stealth
weep;veep;psychology
survivor;diner;dispensable
planet;rabbit;sandwich
melt;celt;grandmom
shoe;do;unit
desert;revert;halibut
plenty;wenny;flare
indication;haven;netbook
leather;nether;aluminium
left;cleft;herring
ash;gnash;technique
meadow;willow;spoil
poppy;review copy;bakery
battle;dismantle;nexus
saloon;lampoon;tangy
geometry;polity;thorn
key;reality;merit
maker;kingmaker;private
tape;slape;chronometer
socks;cox;surround
leader;pencil cedar;proceedings
noise;toise;route
stuff;buff;illegal
grief;leaf;lawmaker
greet;concrete;difficult
fashion;passion;emu
cross;recross;recording
boom;hume;lounge
dip;dictatorship;prevalence
parking;arcing;spyglass
blackness;practice;seal
serve;auditory nerve;brochure
intend;overwhelmed;dress
murder;quarter;doctorate
fallacy;chastity;campaigning
sand;slammed;plug
score;implore;weak
unique;extreme;surround
climb;hime;pinkie
driveway;everyday;imaginary
railway;leeway;mailman
dusty;bumpy;exhibit
clock;balk;past
inch;lynch;willing
discount;viscount;freelance
loafer;pocket gopher;gong
runway;way;cayenne
sale;pail;demur
crunch;rabbit punch;foodstuffs
seat;deceit;mobster
eager;cleaver;nonstop
expression;lesson;radar
whistle;nipple;alliance
upgrade;raid;marsh
nursery;anniversary;write
garbage;varnish;burro
country;curry;important
hotel;nowhere;disparity
x-rated;x rated;switch
tooth;fruth;pita
finger;figure;naming
jazz;false topaz;consideration
mint;dint;taste
body;lobby;exhaustion
water;author;kiosk
common;uncommon;kendo
weapon;reckon;latex
item;isom;chem
leap;hebe;usual
row;potato;senior
latte;pancake;disease
pretend;comprehend;bare
divine;divine right;ottoman
system;condition;complication
gentle;bengal;reputation
hum;scum;gadget
cliff;liff;lover
chart;support;dump truck
drive;deprive;asymmetry
jealous;cinderella;snowsuit
outline;nine;tensor
nibble;wiggle;crab
leaver;speaker;timpani
strange;gas range;challenge
tail;assail;conspirator
pillow;weeping willow;nutrient
jack;ransack;servitude
hang;liang;jar
super;cooler;ferryboat
old;household;forestry
threatening;elephant;altitude
muddled;scuffle;expensive
television;transition;authorization
hello;though;hover
thank;clank;yoga
certainty;earnestly;veranda
count;custodial account;pepper
raise;ukase;bronchitis
aside;bromide;lesbian
forest;florist;abundance
rain;crain;yellowjacket
marble;burble;solution
hotel;carousel;downgrade
equal;freewill;nonbeliever
blast;overcast;sell
pitch;snitch;food
tailor;mailer;stew
admire;wire;memorial
other;hover;skirt
guess;cress;shack
bridge;goodridge;rehospitalization
beauty;to be;corporatism
counsel;works council;zip
patent;talents;trophy
cave;behave;cockpit
happiness;scratchiness;ford
deck;symantec;igloo
grin;pin;remove
pickup;wrap up;decryption
issue;insue;quota
palm;becalm;freckle
hold;gold;dysfunctional
plum;strum;blogger
glasses;castle;trumpet
row;crow;mill
great;resonate;luxuriant
cool;ghoul;botany
indication;unshaven;tamale
lose;ensues;life
violin;cavalier;screenwriting
wrist;twist;ruler
pathetic;prophetic;culvert
cutting;bluffing;describe
jacket;gadget;howard
guitar;care;office
drink;india ink;zoologist
cheese;isosceles;ascend
cocktail;vale;genie
engineer;star;switch
welcome;vellum;ikebana
violence;nihilist;swift
door;pour;dickey
working;metalworking;strike
local;vocals;prince
dangerous;endangering;envious
activity;creativity;romance
return;brittle fern;haze
lunch;grunge;vixen
illegal;riegel;aquarium
razor;saver;surplus
poison;avoided;devil
spiral;gyral;reorganize
phone;unknown;eurocentrism
squealing;annealing;nestling
stream;academe;smelly
rose;disclose;detective
hum;chum;resource
spleen;demean;ectodermal
alibi;ai;space
turn;shorn;mouth
spirit;inherit;pepper
rub;country club;organization
chart;heart;known
kit;flit;cornflakes
depend;intend;centimeter
health;hoarded wealth;disclaimer
rite;frostbite;lord
reaction;weak interaction;licence
mama;kodama;tow-truck
peck;dec;charming
tray;cliche;proof-reader
meteor;creepier;morning
fun;everyone;pendant
book;mook;fur
plate;weight;divine
might;fortnight;dusk
everyone;bun;righteous
something;bumping;shawl
head;abed;smoggy
cheese;overseas;thesis
close;pose;restroom
side;bona fide;burly
pocket;wallet;prevent
sunshine;sublime;fur
marble;purple;fireplace
job;schwab;effacement
knife;quality of life;reservoir
launch;claunch;puny
sticky;libby;concept
swing;ting;eggplant
insurance;sura;command
decide;bide;pause
gap;bab;spark
downtown;turn down;pat
volume;solute;commandment
cell;personnel;gigantic
fat;hat;penalty
whisper;whispered;grandson
stab;death cap;elbow
bait;mate;velocity
air;door;mover
demonstrate;appreciate;flatboat
making;painstaking;reproduce
bill;fulfill;abuse
knight;website;warlock
passing;fastened;nymph
fold;manifold;expedition
conversation;discrimination;midnight
calf;phonograph;guiltless
center;steinbrenner;cylinder
joke;poke;crew
sensitive;dependable;mezzanine
club;back up;romance
herring;endearing;concept
mascara;canberra;tall
solve;evolve;bless
fence;common sense;rehabilitate
flow;although;effective
headphones;intones;genie
comb;combe;sculptural
type;ascribe;vise
drain;attain;earring
cure;sure;subsequent
special;spatial;ingredient
half;photograph;racial
lock;mock;interpretation
taxi;sassy;cassock
work;reflex arc;mundane
chrome;rhome;bring
station;taken;armour
splendor;skender;hissing
bridge;oakridge;poor
iceberg;forsberg;interior
fairy;tarry;jaw
empty;sweaty;rinse
crush;song thrush;oeuvre
sail;telltale;emergence
knock;hawk;location
expression;convention;empty
boom;groom;test
reality;wee;foamy
low;no;screwdriver
quiet;denial;formicarium
bore;fair;household
boss;abbas;fame
hurricane;crane;clan
jam;madame;optimist
burn;taciturn;quail
bustle;kerfuffle;luxury
parking;market;mirror
ancient;strangest;teller
piece;altarpiece;subexpression
weary;prairie;workhorse
pistol;vittle;flip-flops
selfish;helmet;knowledgeable
stormy;ernie;youthful
couch;pouch;muffin
steeple;beetle;vegetarianism
storm;sperm;theme
town;lockdown;spit
wide;homicide;earring
choke;coke;meatball
wet;sublet;hog
blushing;retouching;outlaw
seat;repeat;ephyra
embryo;aglow;income
clothes;knows;conserve
own;bemoan;tugboat
recognize;inside;appearance
discretion;linear regression;watchmaker
healthy;kelpy;velodrome
upper;cuppa;stonework
crack;almanac;miscreant
definition;condition;time
charm;fire alarm;sash
spoil;topsoil;absence
keep;short sleep;agriculture
folk;pembroke;genocide
somebody;ahmadi;protest
chicken;picken;smoke
enter;urban center;revenant
justify;sky;surgeon
anybody;enviously;sister
reputation;revelation;hybridisation
care;chair;organisation
toilet;coiling;homeless
vine;brine;contractor
stupid;proven;grip
wicked;fitted;step-daughter
mud;sudd;civilian
bored;clapboard;township
girl;pin curl;dilapidation
gap;frap;lode
beginning;quitting;inspection
middle;little;break
imagination;persuasion;antechamber
baseball;crayon;approach
driveway;irate;supervise
cow;powwow;default
owe;row;kimono
nick;sick;bake
human;schumann;messy
knight;light;stupidity
devil;meddle;risk
farm;pharm;tune
rise;likewise;dose
reach;part of speech;membrane
crunch;center punch;fender
discount;book of account;lord
nursery;burglary;pollution
brave;grave;harass
collar;cotter;employee
brain;train;seep
hurry;murky;incentive
ashamed;ascertained;nutritious
rubber;butter;salary
scissors;lizard;adoption
weekend;befriend;doubtful
airport;torte;grotesque
game;flame;wall
magazine;wean;finger
capable;inflatable;garb
view;hew;gullible
bout;blowout;humour
interest;diminish;surfboard
expect;leapt;founder
buzz;gres gris;email
motionless;homelessness;porcelain
shower;bellflower;perfect
kick;mc;beetle
strength;body length;unemployment
drip;flip;pizza
sill;goodwill;hydrocarb
duckling;bucking;conduct
code;nematode;pour
wink;ice rink;gentle
hurry;jersey;rosemary
mankind;design;aluminium
foresee;foreseen;creature
football;befall;judicious
businessman;than;burglar
sunlight;height;rocket
salesman;statesman;ear
phone;hormone;fund
compare;star;fatigue
household;mangold;service
train;vain;leptocephalus
state;appropriate;kitten
lobster;coster;physical
ghost;southernmost;shy
style;rile;bowler
clay;delay;rub
bug;chug;kindhearted
haste;placed;symbol
beer;sure;century
rise;recognize;edition
panoramic;acrobatic;valley
victory;hillary;president
disappointment;appointments;quote
embryo;potato;daybed
grease;greece;factory
enter;contender;furry
apologize;prize;revise
velvet;melon;ear
childlike;look like;hazelnut
greed;mislead;evaporation
wipe;teletype;consumer
lowly;unholy;cartoon
runaway;display;accomplishment
violence;spiraling;emergency
tattoo;excuse;interfere
dime;sublime;unblinking
discipline;expunction;tortoise
opera;sonata;tracking
gang;hang;package
cane;trane;toast
meadow;envelope;pathetic
clam;graham;diary
iceberg;weinberg;slave
tune;honeymoon;restructure
dragon;sagging;gorilla
travel;paschal;girl
deliver;jordan river;gateway
cart;tease apart;elfin
bedroom;review;trench
respect;forget;leading
raft;slashed;loving
grass;ass;vol
spleen;teen;assassination
pipe;syp;security
dead;coed;snore
scenery;obscenely;decadence
hurricane;bane;deliberation
west;stressed;recollection
following;wallowing;logo
focus;indian crocus;kept
surround;found;hip
feather;huddle together;consider
sense;cents;licence
ski;qi;fen
slipper;knipper;accordance
meter;metre;impress
tide;mortified;encouraging
power;cowards;secrecy
constitution;contusion;probability
divine;moonshine;pea
rise;apprise;person
driveway;leeway;provider
mustard;lustered;replacement
weigh;everyday;polyester
uncle;tinkle;bean
deal;neil;speed
opera;gotcha;allowance
silk;bilk;cello
fool;uncool;batter
zip;scrip;patrol
prepare;glare;bartender
game;maim;assignment
yesterday;leeway;fishing
wild;brainchild;fedora
nest;vest;bandolier
blade;evade;briefing
illegal;siegal;concept
known;shone;butterfly
force;scorse;scale
risk;fisc;descent
beautiful;disputable;cereal
goggles;cockles;verification
wont;bonet;fee
rainy;haynie;motivation
oak;roanoke;impostor
refuse;chartreuse;innocence
shoes;schmooze;snake
roll;poll;insert
brave;microwave;typical
discipline;senior citizen;fratricide
safe;failsafe;salesman
super;looper;pumpernickel
soul;foal;peek
empty;empties;hub
action;taxing;muddy
page;stage;thrift
mint;comprint;childbirth
singer;jigger;tasty
late;delineate;poster
handsome;transom;purchase
court;exert;spandex
include;longitude;opossum
ping;spring;creative
cave;sine wave;e-book
wear;shear;worship
top;mob;equivalent
t-shirt;t-shaped;opening
ping;ling;filter
boulevard;postcard;cereal
heat;bittersweet;manifestation
juice;grass roots;poignance
visit;bigot;vanish
appear;bore;astronomy
scattered;scabbard;delay
tongue;tung;body
bathroom;had to;maintain
person;german;seminar
dull;kull;hypochondria
crust;trist;support
guy;tie;obnoxious
latte;way;muddle
duck;fluck;shark
fresh;in the flesh;weave
awake;mistake;chunky
wide;override;glib
reaction;attractions;warren
set;cadet;detention
dish;kishke;ounce
tomorrow;go;troubled
strong;sarong;pay
closet;office;expense
remind;genocide;switch
rough;foodstuff;colleague
letter;eggar;dryer
muddy;studied;stimulating
cry;nigh;jealousy
town;get down;grandson
stay;overlay;icky
grandpa;anymore;spreadsheet
dump;thump;anticipation
scattered;scatted;tuition
memory;supplementary;divalent
wall;baseball;ferry
hype;indian pipe;cheat
barrel;coral;altitude
tired;hire;stag
banner;sander;blackberry
veil;fail;crab
release;secrete;silica
return;vern;grapefruit
many;fenny;financing
banana;hanna;waterwheel
mark;lark;biopsy
wrist;cist;rectangle
alligator;dictator;pompom
dull;uhl;break
hatchet;hatchett;infarction
wait;anticipate;termite
beaver;neither;breadcrumb
magnet;tablet;incense
bug;thug;abnormal
woman;woollen;snatch
waste;displaced;hang
eat;athlete;creditor
rule;fool;populist
narrow;mero;graphic
quartet;regret;ejector
gauge;middle age;browser
screw;construe;cucumber
believer;achiever;auditorium
rush;underbrush;clove
swear;chair;cranky
disposition;requisition;kit
agree;key;unarmed
mat;brat;alligator
faithful;painful;numeracy
lose;cues;sneaker
right;neophyte;weeder
kangaroo;conclude;groan
public;suffolk;whorl
peach;breach;blizzard
goodnight;goodbyes;flu
chicken;gibbon;cane
key;fee;kimono
adorable;arable;dramatize
camel;panel;garb
grandma;plasma;orator
glee;c;coordinator
square;warfare;violence
phone;homophone;conception
love;speak of;pounding
carnival;article;overload
collision;indecision;naive
sunrise;ostracize;guinea
meaning;breathing;boyfriend
chill;will;manifestation
strong;chong;bonnet
begin;relive;antiquity
grow;so;rank
comfort;rumford;waistband
delight;slight;wrathful
breakdown;take down;shoemaker
level;tasmanian devil;performance
body;audi;snotty
point;checkpoint;democracy
favor;braver;insert
hold;ahold;trench
sunlight;sight;cloud
interrupt;dript;deranged
tomorrow;wardrobe;elated
enemy;heresy;craw
justify;testified;aggradation
victory;contradictory;admit
witness;business;tiny
battle;sample;flood
freeze;tease;worker
nature;natured;killing
sill;krill;bat
brother;upper;mend
story;territory;cleat
death;sneath;buffer
worried;new jersey;sadness
waitress;matron;undertaker
see;lee;neologism
neighborhood;fatherhood;subway
lining;redefining;dialect
basket;rackett;satisfy
silly;grizzly;activist
wooden;booking;baby
do;coup;rooster
isolation;interpretation;greed
nerve;exponential curve;nervous
cover;other;civilization
possibility;mobility;recommendation
soft;prost;beanstalk
jack;lilac;shingle
talking;nocking;carpeting
inside;paradise;subtitle
clothes;noes;mukluk
concept;concerts;residence